time_th,open,high,low,close,tick_volume,tr,atr14,range,body,upper_wick,lower_wick,close_pos,swing_high,swing_low,structure_event,bos_up,bos_dn,choch_up,choch_dn,ema20,ema50,pdh,pdl,pdc,sweep_prev_high,sweep_prev_low
2026-01-07T03:00:00+0700,1.17002,1.17017,1.16834,1.16872,4232,0.0018299999999999983,0.0018299999999999983,0.0018299999999999983,0.0013000000000000789,0.00014999999999987246,0.00038000000000004697,0.20765027322406956,0,0,,0,0,0,0,1.16872,1.16872,,,,0,0
2026-01-07T07:00:00+0700,1.1684,1.17001,1.16831,1.16952,3390,0.0017000000000000348,0.0018207142857142868,0.0017000000000000348,0.0011199999999997878,0.0004900000000001015,9.000000000014552e-05,0.7117647058822991,0,0,,0,0,0,0,1.1687961904761905,1.1687513725490195,,,,0,0
2026-01-07T11:00:00+0700,1.16952,1.17023,1.16904,1.16927,3913,0.0011900000000000244,0.0017756632653061252,0.0011900000000000244,0.00024999999999986144,0.0007100000000002105,0.00022999999999995246,0.19327731092432585,1,0,,0,0,0,0,1.1688413151927437,1.1687717108804305,,,,0,0
2026-01-07T15:00:00+0700,1.16927,1.16991,1.16724,1.16838,6329,0.00266999999999995,0.0018395444606413983,0.00266999999999995,0.0008900000000000574,0.0006399999999999739,0.0011399999999999189,0.426966292134809,0,1,,0,0,0,0,1.1687973804124823,1.1687563496694333,,,,0,0
2026-01-07T19:00:00+0700,1.16838,1.16944,1.16807,1.16912,6890,0.0013700000000000934,0.0018060055705955908,0.0013700000000000934,0.0007399999999999629,0.000320000000000098,0.00031000000000003247,0.766423357664178,0,0,,0,0,0,0,1.1688281060874839,1.1687706104667104,,,,0,0
2026-01-07T23:00:00+0700,1.16911,1.16982,1.1679599999999999,1.1687400000000001,10305,0.0018600000000001948,0.0018098623155530626,0.0018600000000001948,0.00036999999999998145,0.0007099999999999884,0.000780000000000225,0.41935483870975443,0,0,,0,0,0,0,1.1688197150315331,1.1687694100562511,,,,0,0
2026-01-08T03:00:00+0700,1.16876,1.16898,1.16732,1.16744,4022,0.0016599999999999948,0.0017991578644421292,0.0016599999999999948,0.0013199999999999878,0.00021999999999988695,0.00012000000000012001,0.07228915662657855,0,0,,0,0,0,0,1.1686883135999586,1.1687172763285552,1.17023,1.16724,1.1687400000000001,0,0
2026-01-08T07:00:00+0700,1.16729,1.16776,1.16724,1.16743,2211,0.0005199999999998539,0.0017077894455533953,0.0005199999999998539,0.000140000000000029,0.00032999999999994145,4.999999999988347e-05,0.3653846153845497,0,0,,0,0,0,0,1.1685684742094864,1.168666794903906,1.17023,1.16724,1.1687400000000001,0,0
2026-01-08T11:00:00+0700,1.16744,1.16825,1.16722,1.1682,3445,0.0010300000000000864,0.0016593759137281592,0.0010300000000000864,0.0007599999999998719,5.0000000000105516e-05,0.000220000000000109,0.9514563106795133,0,0,,0,0,0,0,1.1685333814276306,1.1686484892214,1.17023,1.16724,1.1687400000000001,0,1
2026-01-08T15:00:00+0700,1.1682,1.16825,1.16685,1.16763,6582,0.0014000000000000679,0.0016408490627475812,0.0014000000000000679,0.0005699999999999594,5.0000000000105516e-05,0.0007800000000000029,0.5571428571428322,0,0,,0,0,0,0,1.1684473451011896,1.1686085484676196,1.17023,1.16724,1.1687400000000001,0,1
2026-01-08T19:00:00+0700,1.16763,1.16815,1.16578,1.16624,6349,0.0023699999999999832,0.0016929312725513243,0.0023699999999999832,0.0013900000000000023,0.000520000000000076,0.00045999999999990493,0.19409282700418068,0,0,BOS_DN,0,1,0,0,1.1682371217582193,1.1685156642139873,1.17023,1.16724,1.1687400000000001,0,0
2026-01-08T23:00:00+0700,1.16624,1.1673499999999999,1.16432,1.16502,8875,0.003029999999999866,0.0017884361816547917,0.003029999999999866,0.0012199999999999989,0.0011099999999999444,0.0006999999999999229,0.23102310231021578,0,0,BOS_DN,0,1,0,0,1.1679307292098176,1.1683785793428507,1.17023,1.16724,1.1687400000000001,0,0
2026-01-09T03:00:00+0700,1.16501,1.16621,1.16422,1.16571,4460,0.0019899999999999363,0.0018028335972508735,0.0019899999999999363,0.0006999999999999229,0.0004999999999999449,0.0007900000000000684,0.7487437185929845,0,1,,0,0,0,0,1.1677192311898348,1.1682739291725428,1.16898,1.16432,1.16502,0,1
2026-01-09T07:00:00+0700,1.16562,1.16619,1.1648,1.16487,2850,0.0013900000000000023,0.0017733454831615257,0.0013900000000000023,0.0007500000000000284,0.0005699999999999594,7.00000000000145e-05,0.05035971223022617,0,0,,0,0,0,0,1.167447875838422,1.1681404417540118,1.16898,1.16432,1.16502,0,0
2026-01-09T11:00:00+0700,1.16487,1.16588,1.16455,1.16506,3601,0.0013300000000000534,0.001741677948649992,0.0013300000000000534,0.00018999999999991246,0.0008200000000000429,0.000320000000000098,0.38345864661653384,0,0,,0,0,0,0,1.1672204590919055,1.1680196401165996,1.16898,1.16432,1.16502,0,0
2026-01-09T15:00:00+0700,1.16506,1.16525,1.16397,1.1642000000000001,5642,0.0012799999999999478,0.001708700952317846,0.0012799999999999478,0.0008599999999998609,0.00018999999999991246,0.0002300000000001745,0.17968750000014366,0,0,BOS_DN,0,1,0,0,1.166932796321248,1.1678698503081055,1.16898,1.16432,1.16502,0,0
2026-01-09T19:00:00+0700,1.1642000000000001,1.16601,1.16252,1.16448,8185,0.003489999999999993,0.0018359365985808566,0.003489999999999993,0.00027999999999983594,0.0015300000000000313,0.0016800000000001258,0.5616045845272107,1,0,,0,0,0,0,1.1666991966716054,1.1677369150019055,1.16898,1.16432,1.16502,0,1
2026-01-09T23:00:00+0700,1.16441,1.1652,1.16177,1.16312,12225,0.003430000000000044,0.0019497982701107987,0.003430000000000044,0.0012900000000000134,0.0007900000000000684,0.0013499999999999623,0.39358600583088776,0,1,,0,0,0,0,1.1663583207981192,1.1675558595116347,1.16898,1.16432,1.16502,0,0
2026-01-10T03:00:00+0700,1.16314,1.16395,1.16281,1.16317,3903,0.001140000000000141,0.001891955536531466,0.001140000000000141,2.999999999997449e-05,0.0007800000000000029,0.0003300000000001635,0.31578947368429255,0,0,,0,0,0,0,1.1660546711982984,1.1673838650209822,1.16621,1.16177,1.16312,0,0
2026-01-12T07:00:00+0700,1.16268,1.16709,1.16212,1.16559,5772,0.004969999999999919,0.0021118158553506414,0.004969999999999919,0.002909999999999968,0.0015000000000000568,0.0005599999999998939,0.6981891348088367,0,0,,0,0,0,0,1.1660104167984604,1.1673135173731006,1.16395,1.16281,1.16317,0,1
2026-01-12T11:00:00+0700,1.16557,1.16705,1.16525,1.16687,4068,0.0018000000000000238,0.0020895432942541685,0.0018000000000000238,0.0013000000000000789,0.00017999999999984695,0.000320000000000098,0.9000000000000864,0,0,CHOCH_UP,0,0,1,0,1.1660922818652737,1.1672961245349398,1.16395,1.16281,1.16317,0,0
2026-01-12T15:00:00+0700,1.16687,1.16954,1.16636,1.16816,7522,0.0031799999999999606,0.0021674330589502963,0.0031799999999999606,0.0012900000000000134,0.0013799999999999368,0.0005100000000000104,0.5660377358490711,0,0,BOS_UP,1,0,0,0,1.1662892074019144,1.167330002004158,1.16395,1.16281,1.16317,0,0
2026-01-12T19:00:00+0700,1.1681300000000001,1.16981,1.1675200000000001,1.16924,7217,0.0022899999999999032,0.0021761878404538398,0.0022899999999999032,0.0011099999999999444,0.0005699999999999594,0.0006099999999999994,0.7510917030567758,1,0,,0,0,0,0,1.1665702352683986,1.1674049038863479,1.16395,1.16281,1.16317,0,0
2026-01-12T23:00:00+0700,1.16922,1.16924,1.16657,1.16682,8864,0.00266999999999995,0.0022114601375642765,0.00266999999999995,0.0023999999999999577,2.0000000000131024e-05,0.00024999999999986144,0.09363295880144798,0,0,,0,0,0,0,1.166594022385694,1.1673819664790401,1.16395,1.16281,1.16317,0,0
2026-01-13T03:00:00+0700,1.16682,1.16733,1.16626,1.16649,3266,0.0010699999999999044,0.0021299272705953927,0.0010699999999999044,0.00032999999999994145,0.0005100000000000104,0.00022999999999995246,0.21495327102801218,0,0,,0,0,0,0,1.1665841154918186,1.1673469874014308,1.16981,1.16212,1.16682,0,0
2026-01-13T07:00:00+0700,1.16661,1.16702,1.1656,1.16578,3671,0.0014199999999999768,0.002079218179838577,0.0014199999999999768,0.0008299999999998864,0.00041000000000002146,0.000180000000000069,0.12676056338033234,0,0,,0,0,0,0,1.1665075330640262,1.1672855369151003,1.16981,1.16212,1.16682,0,0
2026-01-13T11:00:00+0700,1.16581,1.16671,1.16561,1.16623,3643,0.0010999999999998789,0.002009274024135813,0.0010999999999998789,0.00042000000000008697,0.0004799999999998139,0.00019999999999997797,0.5636363636364847,0,0,,0,0,0,0,1.166481101343643,1.1672441433105867,1.16981,1.16212,1.16682,0,0
2026-01-13T15:00:00+0700,1.16624,1.16722,1.16534,1.16714,5889,0.0018799999999998818,0.0020000401652689606,0.0018799999999998818,0.0009000000000001229,7.999999999985796e-05,0.0008999999999999009,0.9574468085107112,0,0,,0,0,0,0,1.1665438535966293,1.1672400592591912,1.16981,1.16212,1.16682,0,0
2026-01-13T19:00:00+0700,1.16714,1.16771,1.16497,1.1668,7469,0.0027399999999999647,0.0020528944391783183,0.0027399999999999647,0.00034000000000000696,0.0005699999999999594,0.0018299999999999983,0.6678832116788401,1,0,,0,0,0,0,1.1665682484921884,1.1672228020333404,1.16981,1.16212,1.16682,0,0
2026-01-13T23:00:00+0700,1.16679,1.16729,1.16337,1.16456,10300,0.0039199999999999235,0.002186259122094147,0.0039199999999999235,0.0022299999999999542,0.0004999999999999449,0.0011900000000000244,0.3035714285714407,0,1,,0,0,0,0,1.1663769867310276,1.1671183784241899,1.16981,1.16212,1.16682,0,0
2026-01-14T03:00:00+0700,1.16456,1.16541,1.16411,1.16414,4299,0.0013000000000000789,0.002122954899087428,0.0013000000000000789,0.00042000000000008697,0.0008500000000000174,2.999999999997449e-05,0.023076923076902053,0,0,,0,0,0,0,1.1661639403756916,1.1670015792703001,1.16771,1.16337,1.16456,0,0
2026-01-14T07:00:00+0700,1.16402,1.16451,1.16365,1.16376,2737,0.0008599999999998609,0.002032743834866888,0.0008599999999998609,0.000260000000000149,0.0004899999999998794,0.00010999999999983245,0.1279069767440119,0,0,,0,0,0,0,1.1659349936732448,1.1668744585146023,1.16771,1.16337,1.16456,0,0
2026-01-14T11:00:00+0700,1.16376,1.16485,1.16358,1.16417,3108,0.0012699999999998823,0.0019782621323763874,0.0012699999999998823,0.00041000000000002146,0.0006800000000000139,0.00017999999999984695,0.4645669291337977,0,1,,0,0,0,0,1.1657668990376977,1.1667684013179511,1.16771,1.16337,1.16456,0,0
2026-01-14T15:00:00+0700,1.16416,1.16533,1.16405,1.16514,5525,0.0012799999999999478,0.0019283862657780702,0.0012799999999999478,0.0009799999999999809,0.00018999999999991246,0.0001100000000000545,0.8515625000000624,0,0,,0,0,0,0,1.1657071943674409,1.1667045424427374,1.16771,1.16337,1.16456,0,0
2026-01-14T19:00:00+0700,1.16513,1.16594,1.16434,1.16495,7706,0.0016000000000000458,0.0019049301039367828,0.0016000000000000458,0.000180000000000069,0.0008099999999999774,0.0006099999999999994,0.3812499999999887,0,0,,0,0,0,0,1.1656350806181608,1.1666357368567475,1.16771,1.16337,1.16456,0,0
2026-01-14T23:00:00+0700,1.16495,1.16612,1.16451,1.16463,10205,0.0016100000000001113,0.0018838636679413062,0.0016100000000001113,0.00031999999999987594,0.0011700000000001154,0.00012000000000012001,0.07453416149075262,1,0,,0,0,0,0,1.1655393586545266,1.166557080509424,1.16771,1.16337,1.16456,0,0
2026-01-15T03:00:00+0700,1.16462,1.16472,1.1635,1.1644,4751,0.0012199999999999989,0.0018364448345169271,0.0012199999999999989,0.00021999999999988695,9.999999999998899e-05,0.0009000000000001229,0.7377049180328883,0,0,,0,0,0,0,1.1654308483064766,1.1664724891168976,1.16612,1.16358,1.16463,0,1
2026-01-15T07:00:00+0700,1.16435,1.16465,1.16327,1.16382,3768,0.0013799999999999368,0.0018038416320514277,0.0013799999999999368,0.0005299999999999194,0.00029999999999996696,0.0005500000000000504,0.39855072463773594,0,0,,0,0,0,0,1.1652774341820502,1.1663684699358428,1.16612,1.16358,1.16463,0,1
2026-01-15T11:00:00+0700,1.16382,1.16411,1.1633,1.16348,3347,0.0008099999999999774,0.0017328529440477527,0.0008099999999999774,0.00034000000000000696,0.00028999999999990145,0.000180000000000069,0.2222222222223136,0,0,CHOCH_DN,0,0,0,1,1.165106249974236,1.1662551966050254,1.16612,1.16358,1.16463,0,0
2026-01-15T15:00:00+0700,1.16347,1.16394,1.16256,1.16354,5893,0.0013799999999999368,0.0017076491623300516,0.0013799999999999368,7.00000000000145e-05,0.00039999999999995595,0.0009099999999999664,0.7101449275362506,0,0,BOS_DN,0,1,0,0,1.1649570833100231,1.1661487183067891,1.16612,1.16358,1.16463,0,0
2026-01-15T19:00:00+0700,1.16354,1.16405,1.15984,1.16009,7021,0.004210000000000047,0.0018863885078779085,0.004210000000000047,0.003449999999999953,0.0005100000000000104,0.0002500000000000835,0.059382422802869525,0,0,BOS_DN,0,1,0,0,1.1644935515662114,1.1659111215104445,1.16612,1.16358,1.16463,0,0
2026-01-15T23:00:00+0700,1.16009,1.16133,1.15926,1.16085,9291,0.0020700000000000163,0.0018995036144580592,0.0020700000000000163,0.0007599999999998719,0.00048000000000003595,0.0008300000000001084,0.7681159420289699,0,1,,0,0,0,0,1.1641465466551435,1.1657126461570937,1.16612,1.16358,1.16463,0,0
2026-01-16T03:00:00+0700,1.16084,1.1616900000000001,1.16024,1.16083,4272,0.0014500000000001734,0.001867396213425353,0.0014500000000001734,1.0000000000065512e-05,0.0008500000000000174,0.0005900000000000905,0.4068965517241517,0,0,,0,0,0,0,1.1638306850689395,1.1655211698372079,1.16472,1.15926,1.16085,0,0
2026-01-16T07:00:00+0700,1.16036,1.16097,1.1602000000000001,1.16064,3239,0.0007699999999999374,0.001789010769609252,0.0007699999999999374,0.00027999999999983594,0.0003300000000001635,0.00015999999999993797,0.5714285714283243,0,0,,0,0,0,0,1.163526810300469,1.1653297514122194,1.16472,1.15926,1.16085,0,0
2026-01-16T11:00:00+0700,1.16064,1.16137,1.16055,1.16062,3421,0.0008200000000000429,0.0017197957146371657,0.0008200000000000429,1.999999999990898e-05,0.0007300000000001194,7.00000000000145e-05,0.08536585365854979,0,0,,0,0,0,0,1.163249971224234,1.1651450552784068,1.16472,1.15926,1.16085,0,0
2026-01-16T15:00:00+0700,1.16062,1.16147,1.16038,1.16078,5344,0.0010900000000000354,0.0016748103064487994,0.0010900000000000354,0.00015999999999993797,0.0006900000000000794,0.00024000000000001798,0.36697247706416786,0,0,,0,0,0,0,1.1630147358695448,1.164973876640038,1.16472,1.15926,1.16085,0,0
2026-01-16T19:00:00+0700,1.16079,1.16229,1.16076,1.16181,6106,0.0015300000000000313,0.0016644667131310302,0.0015300000000000313,0.0010200000000000209,0.00048000000000003595,2.999999999997449e-05,0.6862745098039045,0,0,,0,0,0,0,1.1628999991200644,1.164849803046311,1.16472,1.15926,1.16085,0,0
2026-01-16T23:00:00+0700,1.16181,1.16269,1.15841,1.15952,11406,0.0042800000000000615,0.001851290519335961,0.0042800000000000615,0.0022899999999999032,0.0008799999999999919,0.0011100000000001664,0.2593457943925585,0,0,,0,0,0,0,1.162578094441963,1.1646407911621421,1.16472,1.15926,1.16085,0,1
2026-01-17T03:00:00+0700,1.15952,1.16018,1.15889,1.15972,4109,0.0012900000000000134,0.0018111983393833933,0.0012900000000000134,0.00019999999999997797,0.00045999999999990493,0.0006300000000001305,0.6434108527132557,0,0,,0,0,0,0,1.1623058949712999,1.1644478189597052,1.16269,1.15841,1.15952,0,0
2026-01-19T07:00:00+0700,1.15786,1.16375,1.15767,1.1622,8740,0.006080000000000085,0.002116112743713157,0.006080000000000085,0.0043400000000000105,0.0015500000000001624,0.00018999999999991246,0.7450657894736611,0,1,,0,0,0,0,1.162295809735938,1.1643596691965796,1.16018,1.15889,1.15972,0,1
2026-01-19T11:00:00+0700,1.16222,1.16371,1.16153,1.1627,4654,0.0021800000000000708,0.0021206761191622223,0.0021800000000000708,0.00048000000000003595,0.0010099999999999554,0.0006900000000000794,0.5366972477064575,0,0,,0,0,0,0,1.162334304046801,1.1642945841300472,1.16018,1.15889,1.15972,0,0
2026-01-19T15:00:00+0700,1.1627,1.1641,1.16107,1.16238,6950,0.003029999999999866,0.00218562782493634,0.003029999999999866,0.000320000000000098,0.0013999999999998458,0.0013099999999999223,0.4323432343234258,0,0,,0,0,0,0,1.1623386560423439,1.1642195023994573,1.16018,1.15889,1.15972,0,0
2026-01-19T19:00:00+0700,1.16239,1.1635,1.16198,1.16315,5376,0.0015199999999999658,0.0021380829802980276,0.0015199999999999658,0.0007599999999998719,0.0003500000000000725,0.00041000000000002146,0.7697368421052103,0,0,,0,0,0,0,1.162415926895454,1.1641775611288903,1.16018,1.15889,1.15972,0,0
2026-01-19T23:00:00+0700,1.16315,1.16469,1.16297,1.16454,5222,0.0017199999999999438,0.002108219910276736,0.0017199999999999438,0.0013900000000000023,0.0001500000000000945,0.00017999999999984695,0.9127906976743608,0,0,,0,0,0,0,1.1626182195720773,1.1641917744179533,1.16018,1.15889,1.15972,0,0
2026-01-20T03:00:00+0700,1.16454,1.16483,1.16414,1.1644700000000001,1445,0.0006900000000000794,0.002006918488114118,0.0006900000000000794,6.999999999979245e-05,0.0002900000000001235,0.0003300000000001635,0.47826086956539926,0,0,,0,0,0,0,1.162794579612832,1.1642026852250924,1.16469,1.15767,1.16454,1,0
2026-01-20T07:00:00+0700,1.16413,1.16463,1.16322,1.16433,3440,0.0014100000000001334,0.0019642814532488334,0.0014100000000001334,0.00019999999999997797,0.00029999999999996696,0.0009100000000001884,0.787234042553235,0,0,,0,0,0,0,1.1629408101258958,1.1642076779613633,1.16469,1.15767,1.16454,0,0
2026-01-20T11:00:00+0700,1.16433,1.16721,1.164,1.16627,4130,0.003210000000000157,0.0020532613494453566,0.003210000000000157,0.0019399999999998307,0.0009400000000001629,0.0003300000000001635,0.7071651090342315,0,0,CHOCH_UP,0,0,1,0,1.1632578758281915,1.1642885533354275,1.16469,1.15767,1.16454,0,0
2026-01-20T15:00:00+0700,1.16627,1.17324,1.16617,1.1726,10942,0.007070000000000132,0.0024115998244849833,0.007070000000000132,0.006330000000000169,0.0006399999999999739,9.999999999998899e-05,0.9094766619519149,0,0,BOS_UP,1,0,0,0,1.1641476019397923,1.1646144924203128,1.16469,1.15767,1.16454,0,0
2026-01-20T19:00:00+0700,1.17259,1.1768,1.17148,1.17329,11616,0.005319999999999991,0.0026193426941646266,0.005319999999999991,0.0006999999999999229,0.003510000000000124,0.0011099999999999444,0.34022556390975006,1,0,,0,0,0,0,1.165018306516955,1.16495470840383,1.16469,1.15767,1.16454,0,0
2026-01-20T23:00:00+0700,1.17329,1.17423,1.17148,1.1731,13438,0.00275000000000003,0.0026286753588671556,0.00275000000000003,0.00018999999999991246,0.0009400000000001629,0.0016199999999999548,0.5890909090908862,0,0,,0,0,0,0,1.1657879916105784,1.1652741316036799,1.16469,1.15767,1.16454,0,0
2026-01-21T03:00:00+0700,1.1731,1.17336,1.17104,1.1724999999999999,5490,0.0023199999999998777,0.0026066271189480643,0.0023199999999998777,0.000600000000000156,0.00025999999999992696,0.0014599999999997948,0.6293103448275309,0,0,,0,0,0,0,1.166427230504809,1.1655574989917707,1.1768,1.16322,1.1731,0,0
2026-01-21T07:00:00+0700,1.17177,1.17338,1.17161,1.17285,4167,0.0017700000000000493,0.0025468680390232064,0.0017700000000000493,0.0010799999999999699,0.0005300000000001415,0.00015999999999993797,0.7005649717513408,0,0,,0,0,0,0,1.167038922837684,1.165843479423466,1.1768,1.16322,1.1731,0,0
2026-01-21T11:00:00+0700,1.17286,1.17313,1.17104,1.17169,4207,0.0020899999999999253,0.0025142346076644007,0.0020899999999999253,0.0011700000000001154,0.00026999999999999247,0.0006499999999998174,0.31100478468891896,0,0,,0,0,0,0,1.1674818825674282,1.1660727547401928,1.1768,1.16322,1.1731,0,0
2026-01-21T15:00:00+0700,1.17169,1.17249,1.17008,1.17031,7080,0.0024100000000000232,0.002506789278545517,0.0024100000000000232,0.0013799999999999368,0.0008000000000001339,0.00022999999999995246,0.09543568464728226,0,0,,0,0,0,0,1.167751227084816,1.1662389212209696,1.1768,1.16322,1.1731,0,0
2026-01-21T19:00:00+0700,1.17031,1.17426,1.1701,1.1739,7461,0.004160000000000164,0.0026248757586494202,0.004160000000000164,0.003589999999999982,0.000360000000000138,0.00021000000000004349,0.9134615384615087,1,0,,0,0,0,0,1.1683368245053096,1.1665393556828922,1.1768,1.16322,1.1731,0,0
2026-01-21T23:00:00+0700,1.1739,1.17402,1.16942,1.17025,14442,0.0046000000000001595,0.0027659560616030443,0.0046000000000001595,0.003649999999999931,0.00012000000000012001,0.0008300000000001084,0.18043478260871296,0,0,,0,0,0,0,1.16851903169528,1.1666848711463083,1.1768,1.16322,1.1731,0,0
2026-01-22T03:00:00+0700,1.17024,1.17049,1.16757,1.1686,7866,0.0029200000000000337,0.002776959200059972,0.0029200000000000337,0.0016399999999998638,0.0002500000000000835,0.0010300000000000864,0.35273972602742276,0,0,,0,0,0,0,1.1685267429623962,1.1667599742386099,1.17426,1.16942,1.17025,0,0
2026-01-22T07:00:00+0700,1.168,1.16897,1.16696,1.1688399999999999,4511,0.0020100000000000673,0.002722176400055693,0.0020100000000000673,0.0008399999999999519,0.00013000000000018552,0.0010399999999999299,0.9353233830844869,0,1,,0,0,0,0,1.1685565769659776,1.1668415438763116,1.17426,1.16942,1.17025,0,0
2026-01-22T11:00:00+0700,1.16883,1.16968,1.16828,1.16878,3398,0.0014000000000000679,0.0026277352286231486,0.0014000000000000679,5.0000000000105516e-05,0.0008500000000000174,0.0004999999999999449,0.3571428571428005,0,0,,0,0,0,0,1.1685778553501702,1.166917561763515,1.17426,1.16942,1.17025,0,0
2026-01-22T15:00:00+0700,1.16879,1.1697,1.16836,1.16921,6799,0.0013399999999998968,0.0025357541408643452,0.0013399999999998968,0.00042000000000008697,0.0004899999999998794,0.00042999999999993044,0.634328358209017,0,0,,0,0,0,0,1.168638059602535,1.1670074613022008,1.17426,1.16942,1.17025,0,0
2026-01-22T19:00:00+0700,1.16923,1.17182,1.16863,1.17134,8138,0.003190000000000026,0.0025824859879454653,0.003190000000000026,0.0021100000000000563,0.00048000000000003595,0.0005999999999999339,0.8495297805642533,0,0,,0,0,0,0,1.1688953872594365,1.167177364780546,1.17426,1.16942,1.17025,0,1
2026-01-22T23:00:00+0700,1.17134,1.17502,1.17104,1.17461,10177,0.0039799999999998725,0.002682308417377923,0.0039799999999998725,0.003269999999999884,0.00041000000000002146,0.00029999999999996696,0.8969849246231069,0,0,BOS_UP,1,0,0,0,1.1694396360918713,1.1674688406715048,1.17426,1.16942,1.17025,0,0
2026-01-23T03:00:00+0700,1.1746,1.17551,1.17408,1.17536,3979,0.0014300000000000423,0.0025928578161366457,0.0014300000000000423,0.0007599999999998719,0.0001500000000000945,0.000520000000000076,0.8951048951048322,0,0,BOS_UP,1,0,0,0,1.170003480273598,1.1677782979000733,1.17502,1.16696,1.17461,0,0
2026-01-23T07:00:00+0700,1.17479,1.1758899999999999,1.17465,1.17489,3669,0.0012399999999999078,0.0024962251149840214,0.0012399999999999078,9.999999999998899e-05,0.0009999999999998899,0.000140000000000029,0.19354838709680308,1,0,,0,0,0,0,1.1704688631046838,1.1680571881785018,1.17502,1.16696,1.17461,1,0
2026-01-23T11:00:00+0700,1.17489,1.17535,1.17426,1.17505,3932,0.0010899999999998133,0.002395780463913721,0.0010899999999998133,0.00015999999999993797,0.00029999999999996696,0.0006299999999999084,0.7247706422018181,0,0,,0,0,0,0,1.1709051618566186,1.1683314160930702,1.17502,1.16696,1.17461,0,0
2026-01-23T15:00:00+0700,1.17503,1.17523,1.17278,1.17349,9621,0.0024500000000000632,0.0023996532879198883,0.0024500000000000632,0.0015400000000000968,0.00019999999999997797,0.0007099999999999884,0.2897959183673347,0,1,,0,0,0,0,1.1711513369178932,1.168533713501185,1.17502,1.16696,1.17461,1,0
2026-01-23T19:00:00+0700,1.17349,1.17468,1.17296,1.17336,6489,0.0017199999999999438,0.002351106624497035,0.0017199999999999438,0.00012999999999996348,0.0011900000000000244,0.00039999999999995595,0.2325581395348657,0,0,,0,0,0,0,1.171361685782856,1.1687229796383936,1.17502,1.16696,1.17461,0,0
2026-01-23T23:00:00+0700,1.17336,1.17985,1.17315,1.17938,11149,0.00670000000000015,0.0026617418656044007,0.00670000000000015,0.006020000000000136,0.00046999999999997044,0.00021000000000004349,0.9298507462686627,0,0,BOS_UP,1,0,0,0,1.1721253347559173,1.1691409020055155,1.17502,1.16696,1.17461,0,0
2026-01-24T03:00:00+0700,1.17939,1.18332,1.17767,1.18273,8992,0.005649999999999933,0.0028751888752040814,0.005649999999999933,0.0033400000000001207,0.0005899999999998684,0.0017199999999999438,0.89557522123896,0,0,BOS_UP,1,0,0,0,1.1731353028744014,1.1696738078092206,1.17985,1.17278,1.17938,0,0
2026-01-26T07:00:00+0700,1.1859899999999999,1.18973,1.18439,1.18574,11528,0.006999999999999895,0.0031698182412609253,0.0053399999999999,0.00024999999999986144,0.0037400000000000766,0.0013499999999999623,0.2528089887640426,1,0,,0,0,0,0,1.1743357502196965,1.1703038545618,1.18332,1.17767,1.18273,0,0
2026-01-26T11:00:00+0700,1.18574,1.1876,1.1855,1.18645,8210,0.0020999999999999908,0.00309340265259943,0.0020999999999999908,0.0007099999999999884,0.0011499999999999844,0.00024000000000001798,0.45238095238095744,0,0,,0,0,0,0,1.1754894882940112,1.1709370367358471,1.18332,1.17767,1.18273,0,0
2026-01-26T15:00:00+0700,1.18645,1.1867,1.1836,1.18632,11674,0.0031000000000001027,0.003093873891699478,0.0031000000000001027,0.00012999999999996348,0.0002500000000000835,0.0027200000000000557,0.8774193548386986,0,0,,0,0,0,0,1.1765209655993434,1.1715402901971865,1.18332,1.17767,1.18273,0,0
2026-01-26T19:00:00+0700,1.1863299999999999,1.18649,1.1834500000000001,1.18555,8676,0.0030399999999999316,0.003090025756578082,0.0030399999999999316,0.0007799999999997809,0.00016000000000016001,0.0020999999999999908,0.690789473684223,0,1,,0,0,0,0,1.1773808736375013,1.1720896905816107,1.18332,1.17767,1.18273,0,0
2026-01-26T23:00:00+0700,1.18555,1.19066,1.18521,1.18783,12203,0.005449999999999955,0.00325859534539393,0.005449999999999955,0.0022799999999998377,0.00283000000000011,0.00034000000000000696,0.48073394495410393,1,0,,0,0,0,0,1.1783760285291678,1.172706957617626,1.18332,1.17767,1.18273,0,0
2026-01-27T03:00:00+0700,1.18784,1.18898,1.18701,1.18786,7002,0.0019700000000000273,0.003166552820722937,0.0019700000000000273,1.999999999990898e-05,0.0011200000000000099,0.0008300000000001084,0.43147208121827696,0,0,,0,0,0,0,1.1792792639073422,1.1733011945737974,1.19066,1.1834500000000001,1.18783,0,0
2026-01-27T07:00:00+0700,1.18715,1.18822,1.18711,1.1878199999999999,5124,0.0011099999999999444,0.0030196561906712946,0.0011099999999999444,0.0006699999999999484,0.000400000000000178,3.999999999981796e-05,0.6396396396394612,0,0,,0,0,0,0,1.180092667344738,1.1738705594924719,1.19066,1.1834500000000001,1.18783,0,0
2026-01-27T11:00:00+0700,1.1878199999999999,1.1898900000000001,1.18696,1.18763,5492,0.002930000000000099,0.0030132521770519236,0.002930000000000099,0.00018999999999991246,0.0020700000000002383,0.0006699999999999484,0.22866894197949683,0,0,,0,0,0,0,1.1808105085500011,1.174410145394728,1.19066,1.1834500000000001,1.18783,0,0
2026-01-27T15:00:00+0700,1.18764,1.18894,1.185,1.18885,8310,0.003940000000000055,0.003079448450119647,0.003940000000000055,0.0012099999999999334,9.000000000014552e-05,0.0026399999999999757,0.9771573604060547,0,1,,0,0,0,0,1.181576174402382,1.1749764142027779,1.19066,1.1834500000000001,1.18783,0,0
2026-01-27T19:00:00+0700,1.18885,1.19382,1.18737,1.1923,13145,0.006450000000000067,0.003320202132253963,0.006450000000000067,0.003449999999999953,0.0015200000000001879,0.0014799999999999258,0.7643410852712912,0,0,BOS_UP,1,0,0,0,1.1825974911259647,1.1756557705085513,1.19066,1.1834500000000001,1.18783,0,0
2026-01-27T23:00:00+0700,1.1923,1.19898,1.19179,1.19795,16093,0.00719000000000003,0.0035966162656643963,0.00719000000000003,0.005650000000000155,0.0010299999999998644,0.0005100000000000104,0.856745479833121,0,0,BOS_UP,1,0,0,0,1.1840596348282537,1.17653005401802,1.19066,1.1834500000000001,1.18783,0,0
2026-01-28T03:00:00+0700,1.19795,1.20819,1.19707,1.20389,12609,0.011120000000000019,0.004134000818116941,0.011120000000000019,0.005939999999999834,0.0043000000000001926,0.0008799999999999919,0.6133093525179689,1,0,,0,0,0,0,1.1859482410350868,1.1776029930761367,1.19898,1.185,1.19795,0,0
2026-01-28T07:00:00+0700,1.2036,1.2044,1.19922,1.19923,7948,0.005179999999999962,0.0042087150453942995,0.005179999999999962,0.004369999999999985,0.0007999999999999119,1.0000000000065512e-05,0.0019305019305145916,0,0,,0,0,0,0,1.1872131704603166,1.1784511109947196,1.19898,1.185,1.19795,0,0
2026-01-28T11:00:00+0700,1.19923,1.20046,1.19744,1.19965,7147,0.0030200000000000227,0.004123806827866137,0.0030200000000000227,0.00042000000000008697,0.0008099999999999774,0.0017899999999999583,0.7317880794702082,0,0,,0,0,0,0,1.188397630416477,1.1792824399753188,1.19898,1.185,1.19795,0,0
2026-01-28T15:00:00+0700,1.19965,1.20254,1.197,1.19865,11799,0.005539999999999878,0.004224963483018547,0.005539999999999878,0.001000000000000112,0.002889999999999837,0.0016499999999999293,0.29783393501804434,0,0,,0,0,0,0,1.1893740465672886,1.1800419521331493,1.19898,1.185,1.19795,1,0
2026-01-28T19:00:00+0700,1.19865,1.19944,1.19515,1.19571,10520,0.004290000000000127,0.004229608948517232,0.004290000000000127,0.0029399999999999427,0.0007900000000000684,0.000560000000000116,0.1305361305361537,0,0,,0,0,0,0,1.1899774707037372,1.1806563853828298,1.19898,1.185,1.19795,1,0
2026-01-28T23:00:00+0700,1.19573,1.1977,1.19184,1.19405,16402,0.005859999999999976,0.004346065452194571,0.005859999999999976,0.0016799999999999038,0.0019700000000000273,0.0022100000000000453,0.377133105802057,0,0,,0,0,0,0,1.1903653306367148,1.1811816251717386,1.19898,1.185,1.19795,0,0
2026-01-29T03:00:00+0700,1.19406,1.19526,1.18953,1.1952,12468,0.005730000000000013,0.00444491791989496,0.005730000000000013,0.001140000000000141,5.999999999994898e-05,0.004529999999999923,0.9895287958115273,0,1,,0,0,0,0,1.19082577533798,1.1817313653610824,1.20819,1.19184,1.19405,0,1
2026-01-29T07:00:00+0700,1.19527,1.19848,1.19519,1.1960899999999999,7582,0.003290000000000015,0.004362423782759607,0.003290000000000015,0.0008199999999998209,0.0023900000000001143,8.000000000008001e-05,0.27355623100300813,0,0,,0,0,0,0,1.1913271300676962,1.1822944490724125,1.20819,1.19184,1.19405,0,0
2026-01-29T11:00:00+0700,1.1960899999999999,1.19932,1.19527,1.19807,7705,0.004049999999999887,0.00434010779827677,0.004049999999999887,0.001980000000000093,0.0012499999999999734,0.0008199999999998209,0.691358024691356,0,0,,0,0,0,0,1.191969308156487,1.1829130981283964,1.20819,1.19184,1.19405,0,0
2026-01-29T15:00:00+0700,1.19806,1.19961,1.1951,1.19553,10729,0.004510000000000014,0.004352242955542717,0.004510000000000014,0.002529999999999921,0.0015500000000001624,0.00042999999999993044,0.09534368070951865,1,0,,0,0,0,0,1.1923084216653932,1.1834078785939495,1.20819,1.19184,1.19405,0,0
2026-01-29T19:00:00+0700,1.19553,1.19703,1.19376,1.19557,10766,0.003270000000000106,0.004274939887289673,0.003270000000000106,4.0000000000040004e-05,0.0014600000000000168,0.0017700000000000493,0.5535168195718748,0,0,,0,0,0,0,1.192619048173451,1.1838848245314417,1.20819,1.19184,1.19405,0,0
2026-01-29T23:00:00+0700,1.19562,1.1972,1.19056,1.19557,20827,0.006639999999999979,0.004443872752483266,0.006639999999999979,4.999999999988347e-05,0.0015800000000001369,0.005009999999999959,0.7545180722891528,0,1,,0,0,0,0,1.192900091204551,1.1843430667066794,1.20819,1.19184,1.19405,0,1
2026-01-30T03:00:00+0700,1.19552,1.1971,1.19454,1.19692,8409,0.0025600000000001177,0.004309310413020184,0.0025600000000001177,0.0014000000000000679,0.000180000000000069,0.0009799999999999809,0.9296874999999762,0,0,,0,0,0,0,1.1932829396612603,1.1848362797770056,1.19961,1.18953,1.19557,0,0
2026-01-30T07:00:00+0700,1.19621,1.19742,1.19136,1.19165,8498,0.006059999999999954,0.004434359669233025,0.006059999999999954,0.0045599999999998975,0.0012099999999999334,0.0002900000000001235,0.04785478547856859,1,0,,0,0,0,0,1.1931274215982832,1.1851034844916328,1.19961,1.18953,1.19557,0,0
2026-01-30T11:00:00+0700,1.19164,1.19347,1.18945,1.1924299999999999,12146,0.004020000000000135,0.004404762550002104,0.004020000000000135,0.0007899999999998464,0.001040000000000152,0.0021900000000001363,0.7412935323382793,0,1,,0,0,0,0,1.1930610004936848,1.1853907988252943,1.19961,1.18953,1.19557,0,1
2026-01-30T15:00:00+0700,1.1924299999999999,1.1942599999999999,1.18979,1.1908,15229,0.004469999999999974,0.004409422367859094,0.004469999999999974,0.0016299999999997983,0.0018299999999999983,0.0010100000000001774,0.22595078299780386,0,0,,0,0,0,0,1.1928456671133338,1.1856029243615573,1.19961,1.18953,1.19557,0,0
2026-01-30T19:00:00+0700,1.19077,1.19542,1.19013,1.19119,13126,0.005290000000000017,0.004472320770154875,0.005290000000000017,0.0004199999999998649,0.004229999999999956,0.000640000000000196,0.20037807183365927,1,0,,0,0,0,0,1.1926879845311116,1.1858220253669864,1.19961,1.18953,1.19557,0,0
2026-01-30T23:00:00+0700,1.19122,1.19207,1.18661,1.18719,18969,0.00546000000000002,0.004542869286572385,0.00546000000000002,0.004029999999999978,0.0008500000000000174,0.0005800000000000249,0.1062271062271104,0,0,CHOCH_DN,0,0,0,1,1.1921643669567201,1.1858756714310263,1.19961,1.18953,1.19557,0,0
2026-01-31T03:00:00+0700,1.18719,1.18845,1.18488,1.1849,13412,0.003570000000000073,0.004473378623245792,0.003570000000000073,0.0022899999999999032,0.0012600000000000389,2.0000000000131024e-05,0.0056022408963951305,0,0,BOS_DN,0,1,0,0,1.1914725224846516,1.1858374098062803,1.19742,1.18661,1.18719,0,0
2026-02-02T07:00:00+0700,1.1849,1.18742,1.18393,1.18701,11537,0.003489999999999993,0.00440313729301395,0.003489999999999993,0.0021099999999998342,0.00041000000000002146,0.0009700000000001374,0.8825214899713403,0,1,,0,0,0,0,1.1910475203432562,1.1858833937354458,1.18845,1.18488,1.1849,0,1
2026-02-02T11:00:00+0700,1.18705,1.18743,1.1840600000000001,1.18502,9681,0.003369999999999873,0.004329341772084373,0.003369999999999873,0.0020299999999999763,0.00038000000000004697,0.0009599999999998499,0.2848664688426961,0,0,,0,0,0,0,1.1904734707867557,1.1858495351575853,1.18845,1.18488,1.1849,0,1
2026-02-02T15:00:00+0700,1.18502,1.18661,1.18427,1.18619,13183,0.0023400000000000087,0.004187245931221204,0.0023400000000000087,0.0011700000000001154,0.0004199999999998649,0.0007500000000000284,0.8205128205128789,0,0,,0,0,0,0,1.1900655211880171,1.185862886720033,1.18845,1.18488,1.1849,0,1
2026-02-02T19:00:00+0700,1.18616,1.18709,1.18175,1.18204,11879,0.0053399999999999,0.00426958550756254,0.0053399999999999,0.0041200000000001236,0.0009299999999998754,0.00028999999999990145,0.05430711610485147,0,0,BOS_DN,0,1,0,0,1.1893011858367775,1.1857129695937572,1.18845,1.18488,1.1849,0,0
2026-02-02T23:00:00+0700,1.18204,1.1829399999999999,1.179,1.17995,16598,0.0039399999999998325,0.004246043685593775,0.0039399999999998325,0.0020899999999999253,0.0008999999999999009,0.0009500000000000064,0.2411167512690474,0,0,BOS_DN,0,1,0,0,1.1884105967094654,1.1854869707861588,1.18845,1.18488,1.1849,0,0
2026-02-03T03:00:00+0700,1.17996,1.18007,1.17755,1.17892,7134,0.0025199999999998557,0.004122754850908496,0.0025199999999998557,0.0010399999999999299,0.0001100000000000545,0.0013699999999998713,0.5436507936507737,0,1,,0,0,0,0,1.187506730356183,1.185229442520035,1.18743,1.179,1.17995,0,0
2026-02-03T07:00:00+0700,1.17812,1.18143,1.17812,1.1813500000000001,5880,0.003309999999999924,0.004064700932986455,0.003309999999999924,0.003230000000000066,7.999999999985796e-05,0.0,0.9758308157100122,0,0,,0,0,0,0,1.1869203750841655,1.1850773075192493,1.18743,1.179,1.17995,0,1
2026-02-03T11:00:00+0700,1.1813500000000001,1.18161,1.18003,1.18083,5630,0.0015800000000001369,0.0038872222949160036,0.0015800000000001369,0.000520000000000076,0.00025999999999992696,0.0008000000000001339,0.5063291139240915,0,0,,0,0,0,0,1.1863403393618641,1.1849107464400632,1.18743,1.179,1.17995,0,0
2026-02-03T15:00:00+0700,1.18084,1.1824,1.17916,1.17916,9414,0.0032399999999999096,0.003840992130993426,0.0032399999999999096,0.0016799999999999038,0.0015600000000000058,0.0,0.0,0,0,,0,0,0,0,1.1856564975178772,1.1846852269718253,1.18743,1.179,1.17995,0,0
2026-02-03T19:00:00+0700,1.17922,1.18063,1.17822,1.17954,8687,0.0024100000000000232,0.0037387784073510404,0.0024100000000000232,0.000320000000000098,0.0010900000000000354,0.0009999999999998899,0.5477178423236412,0,0,,0,0,0,0,1.185073973944746,1.1844834533650872,1.18743,1.179,1.17995,0,1
2026-02-03T23:00:00+0700,1.1795499999999999,1.1828400000000001,1.1779600000000001,1.18156,13733,0.0048799999999999955,0.0038202942353973944,0.0048799999999999955,0.0020100000000000673,0.0012800000000001699,0.0015899999999997583,0.7377049180327518,0,1,,0,0,0,0,1.1847393097595322,1.1843688081350838,1.18743,1.179,1.17995,0,1
2026-02-04T03:00:00+0700,1.18157,1.1825,1.18053,1.1817199999999999,7595,0.0019700000000000273,0.00368813036144044,0.0019700000000000273,0.00014999999999987246,0.000780000000000225,0.0010399999999999299,0.6040609137054751,0,0,,0,0,0,0,1.1844517564491006,1.184264933306257,1.1828400000000001,1.17755,1.18156,0,0
2026-02-04T07:00:00+0700,1.1813500000000001,1.18315,1.18082,1.18255,5389,0.0023299999999999432,0.003591121049908976,0.0023299999999999432,0.0011999999999998678,0.0005999999999999339,0.0005300000000001415,0.7424892703862882,0,0,,0,0,0,0,1.1842706367872815,1.1841976810197372,1.1828400000000001,1.17755,1.18156,1,0
2026-02-04T11:00:00+0700,1.18255,1.18357,1.18184,1.18325,5091,0.0017300000000000093,0.0034581838320583355,0.0017300000000000093,0.0006999999999999229,0.000320000000000098,0.0007099999999999884,0.8150289017340484,0,0,,0,0,0,0,1.1841734332837308,1.184160517058179,1.1828400000000001,1.17755,1.18156,0,0
2026-02-04T15:00:00+0700,1.18325,1.18375,1.18107,1.1813500000000001,8135,0.0026800000000000157,0.0034025992726255984,0.0026800000000000157,0.0018999999999997907,0.000500000000000167,0.000280000000000058,0.10447761194031953,1,0,,0,0,0,0,1.1839045348757564,1.1840503007029564,1.1828400000000001,1.17755,1.18156,1,0
2026-02-04T19:00:00+0700,1.18133,1.18264,1.18042,1.1822,9093,0.0022199999999998887,0.0033181278960094764,0.0022199999999998887,0.0008699999999999264,0.00043999999999999595,0.0009099999999999664,0.8018018018017937,0,0,,0,0,0,0,1.1837421982209224,1.1839777398910758,1.1828400000000001,1.17755,1.18156,0,0
2026-02-04T23:00:00+0700,1.1822,1.18252,1.179,1.17971,15033,0.0035199999999999676,0.003332547332008797,0.0035199999999999676,0.002489999999999881,0.000320000000000098,0.0007099999999999884,0.20170454545454403,0,1,,0,0,0,0,1.1833581793427392,1.1838103775424063,1.1828400000000001,1.17755,1.18156,0,0
2026-02-05T03:00:00+0700,1.17971,1.18092,1.17941,1.18041,6696,0.0015099999999999003,0.0032023653797224475,0.0015099999999999003,0.0006999999999999229,0.0005100000000000104,0.00029999999999996696,0.6622516556291098,0,0,,0,0,0,0,1.1830774003577165,1.1836770294034884,1.18375,1.179,1.17971,0,0
2026-02-05T07:00:00+0700,1.18008,1.18078,1.17991,1.18032,4116,0.0008699999999999264,0.0030357678525994103,0.0008699999999999264,0.00024000000000001798,0.00045999999999990493,0.00017000000000000348,0.4712643678161565,0,0,,0,0,0,0,1.1828147907998388,1.1835453811915868,1.18375,1.179,1.17971,0,0
2026-02-05T11:00:00+0700,1.18032,1.18048,1.17824,1.17896,7219,0.0022400000000000198,0.002978927291699454,0.0022400000000000198,0.0013600000000000279,0.00015999999999993797,0.0007200000000000539,0.32142857142859266,0,0,BOS_DN,0,1,0,0,1.1824476678665208,1.1833655623213286,1.18375,1.179,1.17971,0,0
2026-02-05T15:00:00+0700,1.17896,1.18082,1.17799,1.17802,8666,0.002829999999999888,0.002968289628006628,0.002829999999999888,0.0009399999999999409,0.0018599999999999728,2.999999999997449e-05,0.010600706713772324,0,0,BOS_DN,0,1,0,0,1.1820259852125665,1.1831559324263745,1.18375,1.179,1.17971,0,0
2026-02-05T19:00:00+0700,1.17802,1.18149,1.17799,1.18113,11831,0.0034999999999998366,0.003006268940291857,0.0034999999999998366,0.003109999999999946,0.00035999999999991594,2.999999999997449e-05,0.8971428571428763,0,0,,0,0,0,0,1.1819406532875603,1.1830764840959285,1.18375,1.179,1.17971,0,1
2026-02-05T23:00:00+0700,1.18113,1.18213,1.17815,1.18005,16081,0.0039799999999998725,0.0030758211588424295,0.0039799999999998725,0.0010799999999999699,0.0009999999999998899,0.0019000000000000128,0.47738693467338533,1,0,,0,0,0,0,1.1817605910696973,1.1829577984451078,1.18375,1.179,1.17971,0,1
2026-02-06T03:00:00+0700,1.18005,1.18024,1.17739,1.17777,5833,0.002850000000000019,0.003059691076067972,0.002850000000000019,0.0022800000000000598,0.00018999999999991246,0.00038000000000004697,0.1333333333333489,0,0,BOS_DN,0,1,0,0,1.1813805347773452,1.1827543553688291,1.18213,1.17799,1.18005,0,0
2026-02-06T07:00:00+0700,1.17758,1.17878,1.17652,1.17844,6976,0.0022599999999999287,0.003002570284920255,0.0022599999999999287,0.0008599999999998609,0.00034000000000000696,0.001060000000000061,0.849557522123886,0,1,,0,0,0,0,1.1811004838461694,1.1825851649622083,1.18213,1.17799,1.18005,0,1
2026-02-06T11:00:00+0700,1.17848,1.18009,1.17844,1.1797900000000001,4870,0.0016500000000001513,0.002905958121711676,0.0016500000000001513,0.0013100000000001444,0.00029999999999996696,4.0000000000040004e-05,0.8181818181818549,0,0,,0,0,0,0,1.1809756758608199,1.182475550649965,1.18213,1.17799,1.18005,0,0
2026-02-06T15:00:00+0700,1.1797900000000001,1.1801300000000001,1.17854,1.17916,7923,0.0015900000000002024,0.0028119611130179994,0.0015900000000002024,0.0006300000000001305,0.00034000000000000696,0.0006200000000000649,0.3899371069182302,0,0,,0,0,0,0,1.1808027543502657,1.1823455290558487,1.18213,1.17799,1.18005,0,0
2026-02-06T19:00:00+0700,1.17916,1.18107,1.17853,1.18099,6984,0.0025399999999999867,0.002792535319230999,0.0025399999999999867,0.0018299999999999983,8.000000000008001e-05,0.0006299999999999084,0.9685039370078423,0,0,,0,0,0,0,1.180820587269288,1.1822923710536586,1.18213,1.17799,1.18005,0,0
2026-02-06T23:00:00+0700,1.18099,1.18256,1.18048,1.18175,10308,0.002080000000000082,0.0027416399392859335,0.002080000000000082,0.0007600000000000939,0.0008099999999999774,0.0005100000000000104,0.6105769230769492,0,0,,0,0,0,0,1.1809091027674512,1.182271101600574,1.18213,1.17799,1.18005,1,0
2026-02-07T03:00:00+0700,1.18175,1.18235,1.18123,1.18132,3942,0.0011200000000000099,0.0026258085150512246,0.0011200000000000099,0.0004300000000001525,0.0005999999999999339,8.999999999992347e-05,0.08035714285707382,0,0,,0,0,0,0,1.1809482358372179,1.1822338034985906,1.18256,1.17652,1.18175,0,0
2026-02-09T07:00:00+0700,1.181,1.18332,1.18093,1.18251,6879,0.002389999999999892,0.0026089650496904154,0.002389999999999892,0.0015099999999999003,0.0008099999999999774,7.00000000000145e-05,0.6610878661087808,0,0,CHOCH_UP,0,0,1,0,1.1810969752812923,1.1822446347339401,1.18235,1.18123,1.18132,0,1
2026-02-09T11:00:00+0700,1.1825,1.18358,1.18155,1.18329,4492,0.0020299999999999763,0.002567610403283956,0.0020299999999999763,0.0007899999999998464,0.0002900000000001235,0.0009500000000000064,0.8571428571427946,0,0,BOS_UP,1,0,0,0,1.181305834778312,1.1822856294502562,1.18235,1.18123,1.18132,0,0
2026-02-09T15:00:00+0700,1.18327,1.18693,1.18326,1.18617,9091,0.003670000000000062,0.002646352517335106,0.003670000000000062,0.0028999999999999027,0.0007600000000000939,1.0000000000065512e-05,0.7929155313351278,0,0,BOS_UP,1,0,0,0,1.1817690886089491,1.182437957707109,1.18235,1.18123,1.18132,0,0
2026-02-09T19:00:00+0700,1.18617,1.19049,1.18547,1.19032,9924,0.0050200000000000244,0.002815898766096886,0.0050200000000000244,0.004150000000000098,0.00017000000000000348,0.0006999999999999229,0.9661354581673302,0,0,BOS_UP,1,0,0,0,1.1825834611223824,1.1827470574048693,1.18235,1.18123,1.18132,0,0
2026-02-09T23:00:00+0700,1.19032,1.19262,1.18925,1.1908,11602,0.003370000000000095,0.002855477425661401,0.003370000000000095,0.00048000000000003595,0.0018199999999999328,0.0010700000000001264,0.4599406528190263,1,0,,0,0,0,0,1.1833659886345365,1.1830628590752668,1.18235,1.18123,1.18132,0,0
2026-02-10T03:00:00+0700,1.1908,1.19217,1.19032,1.1914,4807,0.0018499999999999073,0.0027836576095427233,0.0018499999999999073,0.0005999999999999339,0.0007699999999999374,0.00048000000000003595,0.5837837837837968,0,0,,0,0,0,0,1.1841311325741044,1.1833898057781975,1.19262,1.18093,1.1908,0,0
2026-02-10T07:00:00+0700,1.19087,1.1914,1.1896200000000001,1.19052,4257,0.0017799999999998928,0.002711967780289664,0.0017799999999998928,0.0003500000000000725,0.0005299999999999194,0.0008999999999999009,0.5056179775280647,0,0,,0,0,0,0,1.1847395961384755,1.1836694212378762,1.19262,1.18093,1.1908,0,0
2026-02-10T11:00:00+0700,1.19052,1.19166,1.19032,1.19068,4320,0.0013399999999998968,0.002613970081697538,0.0013399999999998968,0.00015999999999993797,0.0009799999999999809,0.00019999999999997797,0.2686567164178684,0,0,,0,0,0,0,1.185305348887192,1.1839443458952144,1.19262,1.18093,1.1908,0,0
2026-02-10T15:00:00+0700,1.19063,1.19194,1.1898900000000001,1.19139,6967,0.0020499999999998852,0.00257368650443342,0.0020499999999998852,0.0007599999999998719,0.0005500000000000504,0.0007399999999999629,0.7317073170731311,0,0,,0,0,0,0,1.1858848394693642,1.1842363323306961,1.19262,1.18093,1.1908,0,0
2026-02-10T19:00:00+0700,1.1914,1.1917,1.18879,1.1905000000000001,8731,0.002909999999999968,0.0025977088969738877,0.002909999999999968,0.0008999999999999009,0.00029999999999996696,0.0017100000000001003,0.5876288659794223,0,0,,0,0,0,0,1.18632437856752,1.1844819663569435,1.19262,1.18093,1.1908,0,0
2026-02-10T23:00:00+0700,1.19056,1.19281,1.18927,1.18953,12931,0.0035399999999998766,0.0026650154043328872,0.0035399999999998766,0.0010300000000000864,0.0022499999999998632,0.00025999999999992696,0.07344632768359774,1,0,,0,0,0,0,1.1866296758468038,1.1846799284605927,1.19262,1.18093,1.1908,1,0
2026-02-11T03:00:00+0700,1.18953,1.19028,1.18865,1.18926,4520,0.0016300000000000203,0.0025910857325948254,0.0016300000000000203,0.00026999999999999247,0.0007500000000000284,0.0006099999999999994,0.37423312883435084,0,0,,0,0,0,0,1.186880182909013,1.1848595391091967,1.19281,1.18879,1.18953,0,1
2026-02-11T07:00:00+0700,1.18916,1.19016,1.18858,1.1897199999999999,3987,0.0015800000000001369,0.0025188653231237763,0.0015800000000001369,0.0005599999999998939,0.000440000000000218,0.0005800000000000249,0.7215189873416583,0,1,,0,0,0,0,1.1871506416795832,1.18505014541864,1.19281,1.18879,1.18953,0,1
2026-02-11T11:00:00+0700,1.18975,1.19187,1.1897199999999999,1.19179,4599,0.0021500000000000963,0.0024925178000435137,0.0021500000000000963,0.0020399999999998197,8.000000000008001e-05,3.0000000000196536e-05,0.9627906976743831,0,0,,0,0,0,0,1.1875924853291466,1.1853144534414386,1.19281,1.18879,1.18953,0,0
2026-02-11T15:00:00+0700,1.19179,1.19252,1.19098,1.19176,7425,0.0015400000000000968,0.0024244808143261266,0.0015400000000000968,2.999999999997449e-05,0.0007300000000001194,0.0007800000000000029,0.5064935064934766,0,0,,0,0,0,0,1.1879893914882755,1.185567219973147,1.19281,1.18879,1.18953,0,0
2026-02-11T19:00:00+0700,1.19176,1.1926700000000001,1.1832799999999999,1.18615,10921,0.009390000000000231,0.002922017899017134,0.009390000000000231,0.005609999999999893,0.0009100000000001884,0.00287000000000015,0.30564430244942276,1,1,,0,0,0,0,1.187814211346535,1.1855900740918472,1.19281,1.18879,1.18953,0,0
2026-02-11T23:00:00+0700,1.18613,1.18931,1.18506,1.18853,16926,0.004250000000000087,0.0030168737633730594,0.004250000000000087,0.0024000000000001798,0.0007800000000000029,0.0010699999999999044,0.8164705882352972,0,0,,0,0,0,0,1.1878823816944841,1.1857053653039316,1.19281,1.18879,1.18953,0,0
2026-02-12T03:00:00+0700,1.18853,1.18903,1.18681,1.18699,5867,0.0022200000000001108,0.00295995420884642,0.0022200000000001108,0.0015400000000000968,0.0004999999999999449,0.000180000000000069,0.08108108108110812,0,0,,0,0,0,0,1.1877973929616763,1.18575574313515,1.1926700000000001,1.1832799999999999,1.18853,0,0
2026-02-12T07:00:00+0700,1.18747,1.18821,1.18665,1.18803,5108,0.0015600000000000058,0.002859957479643105,0.0015600000000000058,0.0005599999999998939,0.000180000000000069,0.0008200000000000429,0.8846153846153408,0,0,,0,0,0,0,1.187819546012945,1.1858449296788696,1.1926700000000001,1.1832799999999999,1.18853,0,0
2026-02-12T11:00:00+0700,1.18801,1.18841,1.18578,1.18642,5326,0.00262999999999991,0.002843531945382877,0.00262999999999991,0.0015899999999999803,0.00039999999999995595,0.0006399999999999739,0.24334600760456113,0,0,,0,0,0,0,1.187686255916474,1.1858674814561687,1.1926700000000001,1.1832799999999999,1.18853,0,0
2026-02-12T15:00:00+0700,1.18642,1.18873,1.18519,1.1886700000000001,8719,0.0035400000000000986,0.002893279663569821,0.0035400000000000986,0.0022500000000000853,5.999999999994898e-05,0.0012300000000000644,0.983050847457642,0,1,,0,0,0,0,1.1877799458291909,1.1859773841441623,1.1926700000000001,1.1832799999999999,1.18853,0,0
2026-02-12T19:00:00+0700,1.18866,1.18869,1.18666,1.18846,7932,0.0020299999999999763,0.0028316168304576895,0.0020299999999999763,0.00019999999999997797,2.999999999997449e-05,0.0018000000000000238,0.8866995073891847,0,0,,0,0,0,0,1.1878447128930776,1.186074741628705,1.1926700000000001,1.1832799999999999,1.18853,0,0
2026-02-12T23:00:00+0700,1.18846,1.18894,1.18596,1.18648,15782,0.0029800000000002047,0.002842215628282155,0.0029800000000002047,0.001980000000000093,0.00048000000000003595,0.000520000000000076,0.17449664429531553,1,0,,0,0,0,0,1.187714740236594,1.1860906341138537,1.1926700000000001,1.1832799999999999,1.18853,0,0
2026-02-13T03:00:00+0700,1.18649,1.18722,1.18558,1.18698,6110,0.0016399999999998638,0.0027563430834048486,0.0016399999999998638,0.0004899999999998794,0.00024000000000001798,0.0009099999999999664,0.8536585365853427,0,1,,0,0,0,0,1.1876447649759658,1.186125511207428,1.18903,1.18519,1.18648,0,0
2026-02-13T07:00:00+0700,1.18641,1.18729,1.18627,1.18665,4652,0.0010200000000000209,0.002632318577447361,0.0010200000000000209,0.00024000000000001798,0.0006399999999999739,0.000140000000000029,0.37254901960788156,0,0,,0,0,0,0,1.1875500254544453,1.1861460793953722,1.18903,1.18519,1.18648,0,0
2026-02-13T11:00:00+0700,1.18665,1.18707,1.18575,1.18589,4122,0.0013199999999999878,0.0025385815362011202,0.0013199999999999878,0.0007599999999998719,0.00042000000000008697,0.000140000000000029,0.106060606060629,0,0,,0,0,0,0,1.1873919277921172,1.186136037066142,1.18903,1.18519,1.18648,0,0
2026-02-13T15:00:00+0700,1.18589,1.18661,1.18468,1.18601,7196,0.0019299999999999873,0.002495111426472468,0.0019299999999999873,0.00011999999999989797,0.0005999999999999339,0.0012100000000001554,0.6891191709844882,0,1,,0,0,0,0,1.1872603156214394,1.1861310944360972,1.18903,1.18519,1.18648,0,1
2026-02-13T19:00:00+0700,1.18601,1.18846,1.18525,1.18738,8944,0.003210000000000157,0.00254617489601016,0.003210000000000157,0.0013700000000000934,0.0010799999999999699,0.0007600000000000939,0.6635514018691847,1,0,,0,0,0,0,1.1872717141336833,1.1861800711248778,1.18903,1.18519,1.18648,0,0
2026-02-13T23:00:00+0700,1.18738,1.18824,1.18473,1.18744,12361,0.003509999999999902,0.0026150195462951416,0.003509999999999902,5.999999999994898e-05,0.0007999999999999119,0.002650000000000041,0.7720797720797908,0,0,,0,0,0,0,1.1872877413590468,1.1862294801003728,1.18903,1.18519,1.18648,0,1
2026-02-14T03:00:00+0700,1.18747,1.18802,1.1864,1.18669,5376,0.0016200000000001769,0.0025439467215597872,0.0016200000000001769,0.0007800000000000029,0.0005500000000000504,0.0002900000000001235,0.17901234567906904,0,0,,0,0,0,0,1.1872308136105663,1.1862475397042798,1.18846,1.18468,1.18744,0,0
2026-02-16T07:00:00+0700,1.18659,1.1869399999999999,1.18585,1.18648,3875,0.0010899999999998133,0.0024400933843055036,0.0010899999999998133,0.0001100000000000545,0.00034999999999985043,0.0006299999999999084,0.5779816513761618,0,0,,0,0,0,0,1.1871593075524172,1.1862566557943082,1.18802,1.1864,1.18669,0,1
2026-02-16T11:00:00+0700,1.18648,1.18685,1.18605,1.18644,3246,0.0007999999999999119,0.0023229438568551043,0.0007999999999999119,4.0000000000040004e-05,0.00036999999999998145,0.00038999999999989043,0.4874999999999167,0,0,,0,0,0,0,1.1870908020712345,1.186263845763159,1.18802,1.1864,1.18669,0,1
2026-02-16T15:00:00+0700,1.18645,1.187,1.18567,1.1864,5133,0.0013300000000000534,0.0022520192956511725,0.0013300000000000534,5.0000000000105516e-05,0.0005500000000000504,0.0007299999999998974,0.5488721804510287,1,0,,0,0,0,0,1.1870250113977836,1.1862691851449958,1.18802,1.1864,1.18669,0,0
2026-02-16T19:00:00+0700,1.18639,1.18671,1.18486,1.18542,4703,0.0018499999999999073,0.0022233036316760824,0.0018499999999999073,0.0009700000000001374,0.00031999999999987594,0.0005599999999998939,0.30270270270266053,0,0,,0,0,0,0,1.1868721531694233,1.1862358837667606,1.18802,1.1864,1.18669,0,0
2026-02-16T23:00:00+0700,1.18541,1.1863,1.18459,1.18476,4210,0.0017099999999998783,0.0021866390865563534,0.0017099999999998783,0.0006500000000000394,0.0008899999999998354,0.00017000000000000348,0.09941520467837169,0,0,,0,0,0,0,1.1866709957247163,1.1861780059719857,1.18802,1.1864,1.18669,0,0
2026-02-17T03:00:00+0700,1.18476,1.18546,1.18476,1.18502,1184,0.0006999999999999229,0.0020804505803737514,0.0006999999999999229,0.00025999999999992696,0.00043999999999999595,0.0,0.371428571428508,0,0,,0,0,0,0,1.186513758036648,1.1861325939730842,1.187,1.18459,1.18476,0,0
2026-02-17T07:00:00+0700,1.1848,1.18515,1.18403,1.1844000000000001,4293,0.0011200000000000099,0.0020118469674899127,0.0011200000000000099,0.00039999999999995595,0.00034999999999985043,0.0003700000000002035,0.33035714285732165,0,0,CHOCH_DN,0,0,0,1,1.1863124477474436,1.1860646491113949,1.187,1.18459,1.18476,0,0
2026-02-17T11:00:00+0700,1.18439,1.18468,1.18354,1.18409,4572,0.0011399999999999189,0.0019495721840977703,0.0011399999999999189,0.00029999999999996696,0.00028999999999990145,0.0005500000000000504,0.4824561403509558,0,0,BOS_DN,0,1,0,0,1.1861007860572108,1.1859872118913402,1.187,1.18459,1.18476,0,0
2026-02-17T15:00:00+0700,1.18409,1.18494,1.18283,1.18461,6882,0.0021100000000000563,0.0019610313138050763,0.0021100000000000563,0.0005199999999998539,0.0003300000000001635,0.0012600000000000389,0.8436018957345238,0,0,BOS_DN,0,1,0,0,1.1859588064327145,1.185933203581876,1.187,1.18459,1.18476,0,1
2026-02-17T19:00:00+0700,1.18461,1.18466,1.18155,1.18217,7276,0.003109999999999946,0.0020431005056761385,0.003109999999999946,0.0024399999999999977,5.0000000000105516e-05,0.0006199999999998429,0.19935691318323268,0,0,BOS_DN,0,1,0,0,1.1855979677248367,1.185785626970822,1.187,1.18459,1.18476,0,0
2026-02-17T23:00:00+0700,1.18218,1.18278,1.18118,1.18126,4398,0.0016000000000000458,0.0020114504695564177,0.0016000000000000458,0.0009200000000000319,0.0005999999999999339,8.000000000008001e-05,0.050000000000048575,0,0,BOS_DN,0,1,0,0,1.185184827941519,1.185608151403339,1.187,1.18459,1.18476,0,0
